condition,value,count,mean_1h,median_1h,std_1h,positive_pct_1h,samples_1h,mean_6h,median_6h,std_6h,positive_pct_6h,samples_6h,mean_24h,median_24h,std_24h,positive_pct_24h,samples_24h
engagement_category,HIGH,39,0.5863860280056313,0.6261682242990626,1.4146533843764013,68.0,25,-0.1409220461116133,-0.11975187851722295,2.3333048141742725,50.0,12,-0.661862479543418,-0.6091278259288414,2.7737182705717123,47.05882352941176,17
engagement_category,MEDIUM,27,-0.3571785805839897,-0.2878962361355371,1.3580675311244548,35.294117647058826,17,-0.44052456731199724,-0.16992284487808934,1.6351071446102907,50.0,6,-2.0267491225533134,-1.1840807751824776,3.5579825256461204,31.25,16
engagement_category,LOW,57,0.3455538730759999,0.1812479413235703,1.4833602154767633,62.5,24,0.9754240238888913,0.8247976429763255,3.1485155043695316,58.333333333333336,12,0.272178390819727,-0.6091278259288414,3.8175379780030436,42.857142857142854,21
