condition,value,count,mean_1h,median_1h,std_1h,positive_pct_1h,samples_1h,mean_6h,median_6h,std_6h,positive_pct_6h,samples_6h,mean_24h,median_24h,std_24h,positive_pct_24h,samples_24h
contains_metrics,True,17,0.887468962027881,0.7914215043990278,1.3799869600425816,75.0,12,-0.4280082029796462,-0.4180411784779804,3.092223810333188,42.857142857142854,7,-2.9945199089025154,-2.4383344590215907,3.3030749793710865,20.0,10
contains_metrics,False,107,0.09813564289805327,0.0858915221886374,1.4372349479215587,52.72727272727272,55,0.45073625001360323,0.1785374214435345,2.4475764997353218,56.52173913043478,23,-0.14851403038729477,-0.6091278259288414,3.3442958699093825,46.666666666666664,45
