condition,value,count,mean_1h,median_1h,std_1h,positive_pct_1h,samples_1h,mean_6h,median_6h,std_6h,positive_pct_6h,samples_6h,mean_24h,median_24h,std_24h,positive_pct_24h,samples_24h
urgency_level,HIGH,11,0.506782391541673,0.35602987324385,0.7665208673038064,66.66666666666666,6,0.3754758814244014,0.3754758814244014,1.122202588088372,50.0,2,-2.2582293742529442,-1.3475292643105141,3.685828802306152,50.0,4
urgency_level,MEDIUM,54,0.2199522482558622,0.2327313349469373,1.5184908073223435,60.0,35,-0.603991184629703,-0.4180411784779804,2.4327123169063993,37.5,16,-1.9833345157483113,-1.6500531529727205,2.917214491561027,20.0,30
urgency_level,LOW,59,0.20415634098162624,-0.05207998137223316,1.5075851494239987,50.0,26,1.3569819600568163,1.0703849574387003,2.6435810279872674,75.0,12,1.519267738714652,1.6190505229136645,3.213549564174915,71.42857142857143,21
