condition,value,count,mean_1h,median_1h,std_1h,positive_pct_1h,samples_1h,mean_6h,median_6h,std_6h,positive_pct_6h,samples_6h,mean_24h,median_24h,std_24h,positive_pct_24h,samples_24h
forward_looking,True,69,0.22296837981574608,0.1812479413235703,1.4372012129516882,58.69565217391305,46,-0.4552503393904567,-0.4180411784779804,2.4607987329765115,38.095238095238095,21,-1.6077054635055625,-1.6500531529727205,3.0903344260033707,29.72972972972973,37
forward_looking,False,55,0.27574011581919916,0.0481919702206799,1.5106371727225008,52.38095238095239,21,1.8812370507394374,1.4018207386573944,2.173869260213452,88.88888888888889,9,1.2698206496251325,1.33557144942343,3.5355513344273817,66.66666666666666,18
